{"cameraMode":{"drawMode":0,"name":"Shaded","section":"Shading Mode"},"sceneLighting":true,"audioPlay":false,"sceneViewState":{"m_AlwaysRefresh":false,"showFog":true,"showSkybox":true,"showFlares":true,"showImageEffects":true,"showParticleSystems":true,"showVisualEffectGraphs":true,"m_FxEnabled":true},"in2DMode":false,"pivot":{"x":14.236364364624024,"y":-1.8362864255905152,"z":-11.832428932189942},"rotation":{"x":-0.013237906619906426,"y":0.9685748219490051,"z":-0.2419661283493042,"w":-0.052903708070516589},"size":6.567337512969971,"orthographic":false}